,0
email,277
microsoft,87
google,64
office,55
message,55
targeting,52
company,50
scam,39
covid,36
tiktok,34
organization,34
business,28
vaccine,24
spoofing,24
online,21
target,20
targets,19
spear,17
fedex,16
cloud,16
social,16
government,15
infrastructure,15
pandemic,14
robinhood,14
sophisticated,13
captcha,13
analysis,13
apple,13
credit,13
docs,12
application,12
thinking,12
hex,12
phone,11
m1,11
lebeau,11
ta800,11
high-ranking,11
omicron,11
dr,10
font,10
kay,10
nim,10
fuchs,10
federal,10
increasingly,10
engineering,10
suspect,10
public,10
offering,10
teams,10
medical,10
bracken,9
inky,9
spam,9
must,9
aim,9
delivered,9
becky,9
mandiant,9
ib,9
run,9
allegedly,9
cybercriminal,9
infosec,9
phaas,9
bulletprooflink,9
wide,8
loader,8
app,8
doj,8
allowed,8
hsi,8
employee,8
banking,8
vaccines,8
commands,8
phishers,8
card,8
attempted,8
avanan,8
dhl,8
newsletter,8
pdf,8
candidate,8
bogus,8
tax,8
installation,8
typical,8
aggah,8
claimed,8
release,7
versions,7
nominated,7
attorney,7
store,7
shut,7
immigrant,7
usdot,7
communities,7
almost,7
marketing,7
natural,7
range,7
commonly,7
slip,7
scripts,7
indeed,7
adobe,7
confirm,7
chouinard,7
worldwide,7
friends,7
multi,7
political,7
along,7
quickly,7
offers,7
spread,7
insiders,7
turn,7
provided,7
criminal,6
nobelium,6
greathorn,6
distribution,6
abuse,6
carding,6
films,6
executable,6
community,6
chip,6
money,6
final,6
collaboration,6
takes,6
play,6
evidence,6
delivering,6
built,6
protections,6
downloading,6
motive,6
trading,6
unc2529,6
bank,6
entered,6
mobile,6
parties,6
impersonated,6
ultimately,6
backdoor,6
box,6
protection,6
nefarious,6
database,6
register,6
schemes,6
mail,6
came,6
firebase,6
canary,6
significant,6
harvest,6
obfuscation,6
adware,6
analysts,6
purchase,6
specifically,6
president,6
powershell,6
film,6
management,6
ecosystem,6
seem,6
department,6
visitors,6
appeared,6
agent,6
bazaloader,6
industry,6
familiar,6
wants,6
exchange,6
legitimacy,6
healthcare,6
challenges,6
unsuspecting,6
intended,6
warzone,6
received,6
tells,6
express,6
mailgun,5
vice,5
instructions,5
onedrive,5
networks,5
communications,5
distributed,5
cash,5
why,5
charge,5
macs,5
exploit,5
exposed,5
signs,5
size,5
directed,5
voicemail,5
needs,5
guloader,5
attention,5
videos,5
actions,5
notice,5
future,5
area,5
exploiting,5
entering,5
etc,5
bait,5
posted,5
fraudsters,5
watch,5
launched,5
chat,5
block,5
serve,5
examples,5
usually,5
dec,5
teen,5
tried,5
given,5
keep,5
quip,5
checks,5
cisco,5
abused,5
purposes,5
rise,5
infection,5
instagram,5
bit,5
investigation,5
existing,5
titles,5
benefit,5
macros,5
beyond,5
purpose,5
unclear,5
dupe,5
ability,5
executing,5
goal,5
safe,5
cases,5
anyone,5
quick,5
faced,5
show,5
helped,5
purported,5
org,5
chipotle,5
drop,5
oscar,5
economy,5
sample,5
query,5
reach,5
aren,5
string,5
shipping,5
training,5
besides,5
privacy,5
enabled,5
hidden,5
developing,5
written,5
spreading,4
virus,4
webinar,4
intent,4
gov,4
combination,4
reality,4
invoices,4
yet,4
dubbed,4
coded,4
vulnerabilities,4
doubledrop,4
live,4
interpol,4
typically,4
nlp,4
zscaler,4
continued,4
owners,4
directly,4
doubleback,4
hiding,4
titled,4
opened,4
downloader,4
friday,4
payloads,4
good,4
unit,4
fast,4
tend,4
receive,4
hard,4
spoof,4
opportunity,4
dangerous,4
ceo,4
strike,4
basic,4
resolve,4
leverages,4
principal,4
departments,4
policies,4
eventually,4
helps,4
manufacturing,4
pass,4
automated,4
anomali,4
season,4
nhs,4
tests,4
select,4
international,4
executives,4
successfully,4
deployed,4
embedded,4
baptist,4
obfuscated,4
primary,4
move,4
sector,4
error,4
identity,4
architecture,4
gateways,4
advanced,4
though,4
amazon,4
starting,4
looks,4
police,4
present,4
appearing,4
inboxes,4
additionally,4
redirect,4
sophistication,4
lead,4
care,4
worth,4
ucsd,4
ads,4
line,4
function,4
breached,4
allowing,4
paypal,4
enforcement,4
shown,4
protected,4
collected,4
captchas,4
cryptocurrency,4
san,4
diego,4
authorities,4
gift,4
involved,4
youtube,4
notification,4
field,4
seized,4
baltimore,4
privilege,4
transportation,4
sh,4
model,4
continues,4
howes,4
aims,4
family,4
abnormal,4
local,4
detected,4
automatically,4
indicate,4
onto,4
maryland,4
widespread,4
left,4
flaw,4
freevaccinecovax,4
harder,4
woman,4
crimes,4
recommended,4
double,4
approach,4
render,4
russia,4
posting,4
deployment,4
required,4
native,4
develop,4
false,4
preview,4
developers,4
outside,4
forums,4
cyrillic,4
interesting,4
apply,4
mht,4
receiving,4
funds,4
build,4
birth,4
logos,4
feds,4
pay,4
bid,4
presented,4
discovery,4
lenzner,4
rollout,4
quarter,4
nearly,4
alert,4
news,4
associates,4
co,4
aiming,4
seizure,4
excel,4
templates,4
curiosity,3
infecting,3
browsers,3
hosts,3
connected,3
parcel,3
pointed,3
academy,3
institutions,3
picture,3
crooks,3
twitter,3
display,3
commodity,3
unfortunately,3
understand,3
entity,3
supplies,3
combined,3
monthly,3
mimic,3
sense,3
detailed,3
movies,3
sale,3
done,3
missed,3
alone,3
hasn,3
widely,3
wider,3
keys,3
manufacturers,3
law,3
generic,3
docusign,3
knowbe4,3
environment,3
leading,3
pressure,3
scl,3
pakistan,3
accessed,3
skype,3
employed,3
suggesting,3
utilized,3
strings,3
andonov,3
uncertainty,3
continuing,3
evasion,3
title,3
impact,3
involve,3
placeholder,3
smaller,3
turing,3
identical,3
memory,3
rated,3
workflows,3
taiwan,3
body,3
enterprise,3
countries,3
signed,3
theft,3
efforts,3
settings,3
regulatory,3
took,3
despite,3
provides,3
workspace,3
alarm,3
close,3
vaas,3
lisa,3
members,3
ahead,3
swipe,3
images,3
finance,3
businesses,3
unsolicited,3
foreign,3
operators,3
adversaries,3
homeland,3
esa,3
category,3
enlarge,3
rely,3
experienced,3
try,3
dark,3
association,3
investment,3
haven,3
food,3
prey,3
samples,3
api,3
returned,3
shared,3
itself,3
thought,3
blocked,3
mfa,3
microp,3
video,3
locally,3
landscape,3
gateway,3
seg,3
visited,3
per,3
writeup,3
extreme,3
mass,3
cobalt,3
binary,3
algorithm,3
halloween,3
id,3
benefits,3
themselves,3
ids,3
acknowledged,3
partners,3
separate,3
committing,3
california,3
forms,3
ready,3
load,3
serves,3
deliveries,3
raas,3
gmail,3
anxiety,3
menu,3
individual,3
tech,3
stated,3
css,3
spreads,3
conducted,3
influencer,3
newly,3
info,3
suggested,3
disk,3
processing,3
manager,3
major,3
fool,3
influencers,3
led,3
detect,3
screen,3
offered,3
volume,3
little,3
detections,3
reporting,3
scanners,3
payments,3
choice,3
states,3
executed,3
kinds,3
dropper,3
needed,3
everyone,3
executes,3
escalation,3
kahol,3
logo,3
promo,3
useful,3
pretending,3
defense,3
phase,3
depend,3
hijacked,3
press,3
defenses,3
profit,3
defender,3
bytedance,3
require,3
defraud,3
strains,3
follow,3
track,3
big,3
strategies,3
cards,3
zebrocy,3
rational,3
nickname,3
decision,3
installer,3
country,3
mode,3
machines,3
below,3
millions,3
unnamed,3
valuable,3
focused,3
underground,3
officials,3
spot,3
binaries,3
moroccan,3
candidates,3
pkg,3
options,3
owned,3
facebook,3
arguments,3
didn,3
impersonation,3
brains,3
district,3
doubledrag,3
sends,3
diagnosis,3
fall,3
indicated,3
thus,3
materials,3
mystery,3
uc,3
components,3
france,3
insurance,3
give,3
less,3
commit,3
streaming,3
recommend,3
impersonate,3
lab,3
adding,3
records,3
patients,3
bitcoin,3
claims,3
early,3
computers,3
intel,3
machine,3
named,3
static,3
aspect,3
occurred,3
fileless,3
james,3
tricks,3
validation,3
old,3
suite,3
dozens,3
uncommon,3
total,3
decryption,3
rules,3
standard,3
expiration,3
mac,3
redirects,3
entry,3
events,3
slipped,3
change,3
implementation,3
thing,3
launching,3
recognize,3
invest,3
trade,3
review,3
parsed,2
anti,2
cyberattackers,2
extortion,2
causing,2
relying,2
identifiers,2
passed,2
htm,2
inviting,2
generally,2
maintained,2
revealed,2
transportationgov,2
creation,2
robot,2
words,2
investing,2
stocks,2
someone,2
concluded,2
programming,2
secondary,2
involves,2
hashing,2
sounding,2
akjackpot,2
sell,2
spf,2
adds,2
base,2
saas,2
categories,2
internal,2
ceos,2
step,2
imposter,2
operator,2
promotional,2
transition,2
complaints,2
undetected,2
migrating,2
migration,2
everything,2
alto,2
challenge,2
extra,2
advertisements,2
palo,2
explains,2
wanted,2
trillion,2
deeper,2
regulators,2
lottery,2
follows,2
grayware,2
prompted,2
scrutiny,2
rare,2
bidding,2
dollars,2
previous,2
crawlers,2
instructed,2
connect,2
commission,2
qureshi,2
idea,2
choose,2
cost,2
enable,2
aug,2
advertise,2
automation,2
bots,2
chance,2
copying,2
certain,2
circulating,2
south,2
driving,2
clearly,2
giant,2
mancuso,2
covd,2
write,2
search,2
americans,2
scanned,2
guy,2
scary,2
listed,2
registrant,2
strasbourg,2
publish,2
located,2
embed,2
tags,2
languages,2
ukraine,2
turkmenistan,2
save,2
khazakstan,2
belarus,2
soviet,2
material,2
spike,2
former,2
suggestive,2
city,2
special,2
perpetrators,2
deter,2
hook,2
nicknames,2
bucket,2
illegally,2
seeking,2
ninth,2
french,2
jonathan,2
acting,2
quite,2
alleged,2
channel,2
financially,2
espionage,2
plans,2
vulnerable,2
extensively,2
attracts,2
vax,2
artists,2
keeps,2
kavanagh,2
executive,2
success,2
eric,2
misery,2
illustrate,2
seizing,2
greets,2
visitor,2
home,2
korea,2
unhcr,2
biggest,2
faces,2
schless,2
streams,2
easily,2
scope,2
cannot,2
assets,2
supply,2
identify,2
rhode,2
island,2
authenticity,2
issued,2
diana,2
charged,2
workers,2
outlook,2
phases,2
azure,2
spreadsheet,2
spreadsheets,2
cable,2
issue,2
sentence,2
act,2
instrumentality,2
expert,2
nayyar,2
tries,2
pivot,2
forwarding,2
senders,2
refugees,2
commissioner,2
nations,2
pfizer,2
doesn,2
trademarked,2
excited,2
collecting,2
biotechnology,2
blackmail,2
largely,2
dating,2
enables,2
populate,2
persistent,2
investigations,2
gleaned,2
proposition,2
biotech,2
leaders,2
priority,2
astounding,2
demonstrates,2
acid,2
generating,2
families,2
manually,2
hour,2
lauded,2
signature,2
shutting,2
wonders,2
distributor,2
encoded,2
ultimate,2
github,2
capabilities,2
shell,2
persistence,2
young,2
path,2
carried,2
themes,2
numerous,2
usual,2
usernames,2
registration,2
watching,2
price,2
requires,2
surrounding,2
sunday,2
awards,2
messiah,2
black,2
judas,2
finally,2
practice,2
add,2
sandboxes,2
coworker,2
buy,2
loop,2
debugger,2
power,2
asia,2
delivers,2
broker,2
stock,2
affiliated,2
originate,2
b2b,2
gould,2
strengthen,2
necessary,2
later,2
protective,2
taiwanese,2
suppliers,2
setinterval,2
infiltrate,2
revil,2
gang,2
quanta,2
loaded,2
begins,2
masquerading,2
kingdom,2
powerpoint,2
hoteloscar,2
throughout,2
indicating,2
debugging,2
advice,2
versus,2
suggests,2
described,2
evident,2
lines,2
townsend,2
processes,2
procedures,2
remain,2
suspected,2
wave,2
announced,2
trifecta,2
result,2
lyrebird,2
buyers,2
waves,2
entire,2
resourced,2
professionally,2
spawn,2
remember,2
understanding,2
inherent,2
misconceptions,2
misunderstanding,2
prosecute,2
purchasing,2
aggressively,2
moreover,2
pushing,2
regardless,2
visibility,2
ttps,2
loss,2
suggest,2
reverse,2
late,2
endpoints,2
swiping,2
logins,2
patient,2
student,2
referred,2
meanwhile,2
impacted,2
aware,2
risks,2
antivirus,2
analytics,2
unauthorized,2
exists,2
crafted,2
electronic,2
carder,2
enters,2
plugins,2
ddos,2
whole,2
framework,2
ensure,2
zoho,2
behavior,2
doing,2
purport,2
lucrative,2
cybercrime,2
kid,2
busted,2
abusing,2
rest,2
authors,2
love2shop,2
millionaire,2
processor,2
lincolnshire,2
house,2
certainly,2
prohibit,2
skinner,2
turns,2
tapping,2
trying,2
fundamentals,2
bambenek,2
netenrich,2
validate,2
transactions,2
mechanism,2
literally,2
scene,2
soc,2
mitigate,2
trip,2
mechanisms,2
serious,2
primarily,2
tag,2
jeremy,2
leaves,2
wardle,2
leads,2
random,2
zerofont,2
weed,2
requiring,2
flagged,2
duped,2
meta,2
refresh,2
arm,2
slipping,2
solution,2
learning,2
layers,2
reputation,2
falling,2
note,2
exploited,2
agarwal,2
player,2
market,2
right,2
transfer,2
traditional,2
eye,2
header,2
genuine,2
screenshot,2
couldn,2
virtual,2
fortunately,2
telling,2
normally,2
utility,2
chosen,2
gone,2
design,2
induce,2
urgency,2
context,2
effect,2
cognitive,2
careful,2
mix,2
energy,2
replicating,2
lower,2
replica,2
minutes,2
crime,2
prevent,2
supposed,2
spokesperson,2
experience,2
ad,2
seriously,2
spencer,2
education,2
couriers,2
upcoming,2
experts,2
spoofs,2
sidestep,2
thefullgospelbaptist,2
deprecated,2
germany,2
presumably,2
sectors,2
manipulating,2
clue,2
speaking,2
installers,2
began,2
violations,2
average,2
bare,2
relief,2
offer,2
remains,2
stole,2
communication,2
forward,2
segs,2
stored,2
hello,2
inbox,2
routine,2
webpage,2
blurred,2
mircop,2
particularly,2
enterprises,2
employ,2
rapid,2
encryption,2
frenzy,2
consumers,2
surface,2
transmitted,2
uk,2
sorts,2
couple,2
consumer,2
watchdog,2
national,2
pcr,2
rapidly,2
contacting,2
sic,2
fully,2
ncsc,2
uploading,2
correspondence,2
addition,2
personally,2
fee,2
signing,2
vanunu,2
emotional,2
sync,2
findings,2
worrying,2
discover,2
theme,2
aws,2
pretended,2
informed,2
her,2
reply,2
threatening,2
verified,2
properly,2
digital,2
channels,2
reached,2
shortened,2
analyst,2
whatsapp,2
conversation,2
providing,2
demonstrating,2
akamai,2
callback,2
succeed,2
having,2
clear,2
ransom,2
game,2
limited,2
unusual,2
launchagent,2
crypt888,2
met,2
gives,2
unable,2
organized,2
gangs,2
steals,2
lateral,2
launchd,2
shift,2
periodically,2
bash,2
keffeler,2
consultant,2
verx,2
saved,2
amounts,2
takeover,2
tracked,2
disparate,2
agencies,2
firms,2
desire,2
motives,2
xor,2
series,2
apart,2
socially,2
notable,2
better,2
sandbox,2
tricking,2
skipped,2
implement,2
input,2
methodical,2
whether,2
troy,2
gill,2
repeat,2
savvy,2
iyer,2
developed,2
lives,2
today,2
responsible,2
brands,2
evidenced,2
slow,2
degree,2
confidence,2
publicly,2
score,2
differences,2
filled,2
json,2
sometimes,2
recommendations,2
subdomains,2
meaning,2
engineered,2
bypassing,2
knowing,2
feb,2
augment,2
verticals,2
adopted,2
analyzed,2
inconsistencies,2
column,2
insider,2
turnkey,2
practices,2
workplace,2
closely,2
easier,2
requested,2
trained,2
movement,1
trove,1
start,1
program,1
mostly,1
deviation,1
workforce,1
exploitable,1
repository,1
documented,1
timestamp,1
installed,1
central,1
contents,1
paramount,1
postinstall,1
preinstall,1
observe,1
limiting,1
missteps,1
route,1
causes,1
immediately,1
solid,1
expectations,1
behaviors,1
getresponse,1
purports,1
launchagents,1
instruct,1
internally,1
initialization,1
versed,1
tasks,1
converts,1
plist,1
properties,1
presentation,1
determine,1
vectra,1
verx_updater,1
library,1
extended,1
focus,1
chris,1
accomplish,1
objectives,1
flexibility,1
mature,1
evolving,1
morales,1
closer,1
inspection,1
let,1
modify,1
ease,1
signatures,1
dynamically,1
tmp,1
construction,1
inject,1
operationally,1
assessment,1
infect,1
older,1
notably,1
manufacturer,1
electronics,1
masqueraded,1
rarity,1
compatibility,1
relatively,1
tailoring,1
researched,1
rate,1
carefully,1
operational,1
disposal,1
considerable,1
maturity,1
reasonably,1
pros,1
slew,1
nest,1
websockets,1
roundtable,1
break,1
macro,1
integrate,1
consists,1
powered,1
manageengine,1
sponsored,1
edt,1
cryptojacking,1
front,1
submits,1
fortifying,1
emergence,1
join,1
employers,1
rebooted,1
pirrit,1
patrick,1
guys,1
uniquely,1
tracks,1
understands,1
hitherto,1
beacon,1
s3,1
fireeye,1
thread,1
cdn,1
implies,1
swamped,1
blend,1
flash,1
shellcode,1
normal,1
observing,1
overhead,1
traffic,1
afford,1
treasure,1
supports,1
unseen,1
updates,1
loaders,1
australia,1
trojans,1
schlubs,1
positioned,1
impactful,1
moment,1
lending,1
suffering,1
equal,1
emea,1
finding,1
america,1
north,1
self,1
swath,1
twice,1
align,1
shots,1
dmg,1
refraining,1
acted,1
ins,1
associate,1
essential,1
accessible,1
perception,1
avatar,1
pictures,1
analyze,1
follower,1
caveat,1
defenders,1
regained,1
logged,1
neither,1
disclosed,1
invite,1
difficulty,1
increases,1
dennis,1
highest,1
syncing,1
status,1
botnet,1
oauth,1
background,1
conferencing,1
dynamic,1
onmicrosoft,1
therefore,1
guidelines,1
outlining,1
struggle,1
manipulation,1
bazarbackdoor,1
sprawling,1
bazarcall,1
frida,1
breaching,1
modified,1
automate,1
siphon,1
partner,1
appreciate,1
exceeded,1
achieve,1
politically,1
remotely,1
polarization,1
drastic,1
toxicity,1
domestic,1
parts,1
albeit,1
motivated,1
subjects,1
controversy,1
deleting,1
changing,1
mesa,1
urged,1
gurucul,1
minimum,1
trickbot,1
saryu,1
climate,1
triggered,1
staggering,1
constantly,1
identifying,1
legit,1
ubiquitous,1
cashing,1
q1,1
issues,1
schwarz,1
affect,1
likes,1
views,1
upgrading,1
gobs,1
clouds,1
minds,1
matthew,1
flaws,1
inquiring,1
lightly,1
approximately,1
modifying,1
none,1
role,1
algorithms,1
retrieves,1
sqlite3,1
finds,1
odd,1
distributing,1
extraneous,1
mach,1
distribute,1
construct,1
rotate,1
compatible,1
mere,1
displays,1
intentionally,1
sought,1
proof,1
concept,1
curl,1
noticed,1
bundle,1
external,1
affected,1
component,1
carry,1
saying,1
exfiltration,1
cryptomining,1
bot,1
enslavement,1
unknown,1
timeline,1
blip,1
possibilities,1
personalized,1
wings,1
clipped,1
generation,1
certainty,1
removed,1
styles,1
shortly,1
tampering,1
modules,1
patina,1
lend,1
ripe,1
merely,1
patched,1
disclosure,1
existed,1
xorist,1
ms,1
compile,1
zipped,1
respective,1
oded,1
head,1
perform,1
activities,1
engineers,1
trojan,1
except,1
tail,1
obfuscators,1
lay,1
malwares,1
cites,1
strain,1
planning,1
successor,1
m1x,1
finished,1
arm64,1
flattening,1
observations,1
cited,1
distinct,1
short,1
centric,1
tracking,1
heightened,1
coupled,1
disseminate,1
turning,1
flavors,1
starts,1
educating,1
keyloggers,1
fifa,1
stealers,1
sporting,1
valentine,1
holidays,1
phenotypes,1
reveals,1
stats,1
producing,1
confusion,1
bizspace,1
assistants,1
mid,1
rental,1
headline,1
paydays,1
headlines,1
switching,1
cup,1
teaching,1
nowadays,1
putting,1
vanilla,1
timely,1
fashion,1
running,1
heard,1
execs,1
warns,1
customizing,1
anything,1
interact,1
rose,1
keeping,1
surged,1
creative,1
homework,1
untangle,1
paunet,1
heather,1
administration,1
austria,1
boost,1
eft,1
thanks,1
waning,1
concerns,1
metal,1
sound,1
forged,1
true,1
father,1
intention,1
respectively,1
resulting,1
informing,1
ordinary,1
periods,1
onboarding,1
minari,1
studying,1
mank,1
nomadland,1
award,1
mask,1
billing,1
ivanov,1
evolution,1
sciencelogic,1
switzerland,1
hakbit,1
anton,1
utilize,1
filling,1
triggers,1
checkbox,1
thwart,1
entertainment,1
array,1
intercepted,1
sources,1
environments,1
featuring,1
monetize,1
improved,1
frequently,1
weaponized,1
fairly,1
suit,1
rigged,1
suspicion,1
story,1
recording,1
broke,1
redirecting,1
above,1
utilizing,1
recaptchas,1
coronavirus,1
pretends,1
bloomberg,1
office365,1
outbreak,1
alike,1
hospitality,1
afoul,1
visual,1
translate,1
fonts,1
difficult,1
outage,1
wav,1
encouraged,1
tenev,1
de,1
club,1
purchased,1
sec,1
low,1
believability,1
securities,1
polish,1
bankbot,1
chief,1
xyz,1
realistic,1
voice,1
drew,1
audi,1
competing,1
times,1
vlad,1
variety,1
option,1
feel,1
mailboxes,1
codes,1
legal,1
fax,1
gamestop,1
faxes,1
mimics,1
spurring,1
maintain,1
broad,1
largest,1
wasn,1
class,1
dropbox,1
wetransfer,1
scour,1
deemed,1
fit,1
proxy,1
transaction,1
relate,1
prompting,1
efax,1
resetting,1
tends,1
migrate,1
volatility,1
lineup,1
accessing,1
remainder,1
removing,1
ensuing,1
features,1
strength,1
declarations,1
irs,1
vary,1
straightforward,1
scramble,1
flurry,1
joe,1
lose,1
ask,1
debacle,1
chicago,1
payroll,1
trial,1
runs,1
determined,1
obfuscate,1
lying,1
wait,1
humans,1
worked,1
flight,1
entice,1
tell,1
fresh,1
valid,1
instances,1
unsuccessfully,1
air,1
canada,1
concoct,1
conditional,1
researching,1
diligence,1
curiously,1
fire,1
desktop,1
storing,1
kumar,1
novel,1
buying,1
serialization,1
mysterious,1
afternoon,1
engineer,1
nesting,1
stealthy,1
prefetching,1
dimiter,1
heels,1
extensible,1
flummox,1
hydrant,1
severity,1
telemetry,1
recompiled,1
localized,1
marking,1
supported,1
detail,1
dispatching,1
t2,1
fetching,1
adfs,1
powers,1
portable,1
translates,1
consumption,1
loads,1
controllers,1
battery,1
inserting,1
life,1
radar,1
gets,1
facto,1
plant,1
roll,1
essentially,1
heavily,1
engine,1
describes,1
laptop,1
neural,1
firepower,1
swipes,1
away,1
chugging,1
engines,1
silicon,1
adoption,1
sso,1
gained,1
chips,1
federation,1
faster,1
somewhat,1
bazalaoder,1
performance,1
registry,1
serialized,1
integrates,1
graphics,1
se,1
preet,1
assumes,1
region,1
resembled,1
configured,1
jan,1
movie,1
unified,1
hopes,1
correct,1
backend,1
turnaround,1
fans,1
hoping,1
veracity,1
alternately,1
curious,1
ceremony,1
winners,1
prior,1
pretend,1
stream,1
incoming,1
bar,1
ranging,1
anatomy,1
encounter,1
american,1
multinational,1
entitled,1
vmail,1
promising,1
salesforce,1
accounting,1
purportedly,1
clients,1
oscars,1
maaz,1
lone,1
judging,1
expected,1
slides,1
debited,1
beneficial,1
residence,1
threatlabz,1
prompt,1
german,1
broadcast,1
groceries,1
household,1
accessories,1
stores,1
publication,1
managing,1
vectors,1
applies,1
tinely,1
rollouts,1
calls,1
pulled,1
expects,1
progress,1
equipment,1
ppe,1
contactless,1
accept,1
geography,1
receiver,1
goods,1
trends,1
pickup,1
courier,1
anticipation,1
fave,1
disguised,1
arrived,1
addresseses,1
favorite,1
incorrect,1
doc,1
higher,1
previewed,1
looked,1
layered,1
reader,1
pre,1
paying,1
branding,1
similarly,1
affiliate,1
enthusiast,1
charging,1
sophos,1
instructs,1
reiterates,1
replication,1
gamut,1
flunk,1
rightfully,1
sniff,1
recognition,1
building,1
al,1
et,1
lifelock,1
norton,1
micro,1
interfaces,1
officemates,1
weird,1
hey,1
forestall,1
probably,1
picking,1
cherry,1
departmental,1
cross,1
selectively,1
unholy,1
hapless,1
god,1
screenshots,1
template,1
outcome,1
alias,1
refers,1
bias,1
eager,1
eyes,1
watchful,1
summed,1
slippery,1
contributors,1
leadership,1
deliberately,1
theorized,1
seemingly,1
member,1
wellness,1
satan,1
went,1
professor,1
cfo,1
wherein,1
counts,1
sled,1
goes,1
preferred,1
erecting,1
blockers,1
vm,1
securemessage,1
trigger,1
established,1
religious,1
fullgospelbaptist,1
lack,1
archie,1
placed,1
blame,1
children,1
basics,1
profoundly,1
failing,1
visit,1
problems,1
technologies,1
hunter,1
john,1
fidelity,1
symptom,1
religion,1
heist,1
pull,1
bored,1
confiscated,1
laundering,1
rehabilitation,1
youth,1
sentenced,1
coins,1
bitcoins,1
quantity,1
climbing,1
profitable,1
threatmodeler,1
responsibility,1
securing,1
prevalence,1
weirdly,1
coming,1
stay,1
term,1
publishers,1
advertisers,1
preserving,1
smart,1
pledged,1
complicated,1
elections,1
disinformation,1
scott,1
safety,1
misrepresentation,1
nimble,1
enforce,1
vigorously,1
matters,1
trustworthy,1
advertising,1
alarms,1
duty,1
blaming,1
mistake,1
rebuild,1
scrape,1
innate,1
somebody,1
bothered,1
logical,1
wannabe,1
light,1
sheds,1
yourname123,1
password123,1
anniversary,1
tie,1
lastpass,1
deploy,1
hygiene,1
acquaintances,1
prove,1
interlinked,1
inspecting,1
guidance,1
whenever,1
manner,1
engage,1
providers,1
cues,1
assumed,1
filtering,1
rating,1
matrix,1
outlines,1
materially,1
coverage,1
got,1
customize,1
ploys,1
marketed,1
rabbit,1
butter,1
bread,1
mircboot,1
accompanied,1
basis,1
sold,1
packaged,1
offerings,1
evolved,1
plethora,1
wares,1
hawk,1
instructional,1
vimeo,1
aliases,1
maintains,1
anthrax,1
bulletproftlink,1
facilitator,1
obtained,1
drug,1
reason,1
specially,1
direct,1
institution,1
unearthed,1
hole,1
bay,1
unaware,1
encrypt,1
coven,1
replicates,1
admins,1
cms,1
nothing,1
needless,1
notices,1
guise,1
lift,1
vermont,1
floral,1
flowers,1
flicka,1
blomma,1
wiccan,1
discerning,1
verizon,1
unrelated,1
monday,1
abhishek,1
parent,1
resemblance,1
bears,1
perfect,1
disclaimers,1
stylings,1
biases,1
advisor,1
pique,1
exist,1
daily,1
notifications,1
feeling,1
catch,1
deceitful,1
trickier,1
intrusion,1
truth,1
wouldn,1
thoughts,1
scooped,1
discussed,1
sambamoorthy,1
arjun,1
founder,1
encouraging,1
operate,1
programs,1
default,1
skeptical,1
analytical,1
rationale,1
unconscious,1
automatic,1
delves,1
book,1
kahneman,1
daniel,1
reference,1
chances,1
enormously,1
investments,1
investor,1
dwg,1
gory,1
sneaky,1
concerned,1
vbs,1
dotnetloader,1
rar,1
stamped,1
apparently,1
archive,1
extensions,1
hyperlinked,1
supposedly,1
following,1
secured,1
protocols,1
offensive,1
kicking,1
raising,1
cybercrooks,1
stop,1
necessarily,1
sneak,1
ssns,1
kitchen,1
pizza,1
defending,1
advised,1
relating,1
encrypts,1
hold,1
hostage,1
demand,1
grow,1
havoc,1
wreak,1
inevitably,1
horizontal,1
seeks,1
imperative,1
reining,1
nvisium,1
miclain,1
exposes,1
indicates,1
executables,1
hash,1
sha256,1
opera,1
firefox,1
chrome,1
explorer,1
pi2,1
dedicated,1
negotiate,1
medium,1
unlock,1
decrypting,1
wallpaper,1
promises,1
cautious,1
purporting,1
hijack,1
cdc,1
littered,1
dormant,1
apparent,1
jabs,1
vaccinated,1
scientists,1
fuels,1
distress,1
cbs,1
mutation,1
mitigation,1
sure,1
concern,1
disease,1
jobs,1
centers,1
official,1
doctored,1
raised,1
grabbed,1
delta,1
fear,1
grapple,1
globe,1
professionals,1
exception,1
cover,1
inspires,1
grammatical,1
errors,1
bottom,1
identifiable,1
held,1
shutdowns,1
unemployed,1
opportunities,1
job,1
inspired,1
grew,1
barracuda,1
rolling,1
weeks,1
centre,1
submitted,1
powerful,1
lockdowns,1
tired,1
weight,1
advocate,1
kron,1
erich,1
react,1
emotions,1
obvious,1
overlook,1
cause,1
maiden,1
mother,1
pii,1
grant,1
lock,1
wicked,1
spur,1
engaging,1
relies,1
artificial,1
combines,1
tiered,1
tricky,1
flagging,1
invisible,1
confound,1
together,1
sized,1
demonstrated,1
carries,1
messaging,1
confuse,1
urgent,1
safelinks,1
disrupt,1
gotten,1
endanger,1
inserted,1
readers,1
opposed,1
treat,1
solutions,1
semantic,1
breaks,1
effectiveness,1
image,1
courtesy,1
debora,1
cartagena,1
crypto,1
invested,1
grift,1
transferred,1
sums,1
sam,1
prosecutor,1
ranking,1
prosecutors,1
scammer,1
age,1
juvenile,1
withheld,1
boy,1
complain,1
caught,1
intrepid,1
decided,1
bedroom,1
stuck,1
ambitious,1
starter,1
sourdough,1
stress,1
days,1
rakes,1
uscdcp,1
destroy,1
sheets,1
marks,1
hours,1
responding,1
turned,1
connecting,1
lifted,1
wrong,1
creators,1
magicians,1
models,1
badge,1
eligible,1
holders,1
claiming,1
falsely,1
remove,1
style,1
copyright,1
violated,1
chinese,1
rachelle,1
producers,1
studios,1
production,1
expect,1
talent,1
authored,1
locales,1
nov,1
oct,1
garnered,1
my,1
ownership,1
digit,1
cascading,1
hides,1
checkpoint,1
undetectable,1
fools,1
tiny,1
censor,1
harass,1
ban,1
spurred,1
followings,1
sizeable,1
startup,1
celebrities,1
turkish,1
hefty,1
incentive,1
extort,1
deleted,1
resulted,1
experiment,1
permit,1
par,1
engagement,1
audience,1
checked,1
ceased,1
parsing,1
redistribution,1
diving,1
facilities,1
atms,1
physically,1
cloned,1
pit,1
barbecue,1
dickey,1
franchise,1
meat,1
smoked,1
dallas,1
works,1
losses,1
trusting,1
masquerade,1
prolific,1
announcement,1
debit,1
specialized,1
destination,1
stash,1
joker,1
probe,1
joint,1
describing,1
morocco,1
bust,1
arrested,1
defacing,1
course,1
leaving,1
attacked,1
chose,1
arrest,1
posed,1
highlights,1
regions,1
accused,1
stephen,1
quoted,1
corporations,1
huge,1
involvement,1
latter,1
posts,1
defaced,1
elements,1
gave,1
crowdfunding,1
arabic,1
liked,1
creator,1
perpetrator,1
setup,1
extraction,1
unmask,1
quest,1
squeezing,1
whom,1
dub,1
blitz,1
man,1
investigative,1
value,1
weak,1
harm,1
physical,1
groups,1
terrorist,1
nation,1
prescription,1
conceivable,1
disclose,1
face,1
sinister,1
logrhythm,1
cso,1
jumio,1
hacker,1
prigge,1
robert,1
prescriptions,1
refill,1
covered,1
seek,1
identification,1
results,1
whose,1
dangers,1
complete,1
subset,1
accurate,1
rising,1
kept,1
apace,1
anurag,1
factors,1
importance,1
educated,1
admit,1
enhance,1
steps,1
lacking,1
onelogin,1
evangelist,1
alicia,1
fell,1
cloudian,1
firewall,1
ueba,1
dlp,1
prevention,1
faceted,1
deploying,1
granularly,1
vigilant,1
phi,1
spiked,1
breaches,1
points,1
bitglass,1
cofounder,1
cto,1
outstanding,1
vital,1
analyzing,1
cope,1
cranston,1
massachusetts,1
justice,1
politicians,1
scheme,1
charges,1
weaknesses,1
funded,1
facing,1
exposure,1
amount,1
connections,1
attackable,1
effectively,1
worse,1
rethink,1
completely,1
cordero,1
sean,1
forth,1
toggling,1
compounded,1
leaks,1
countless,1
cyberattack,1
catalyst,1
hank,1
outgoing,1
relates,1
mounted,1
beginning,1
staffers,1
unexpected,1
leniency,1
criticized,1
forfeiture,1
fine,1
supervised,1
prison,1
lenient,1
obtain,1
reset,1
chats,1
addressing,1
ostensibly,1
employer,1
appearance,1
mimicked,1
desk,1
spouse,1
solicited,1
chairs,1
managers,1
sets,1
complying,1
prosecuting,1
kosto,1
seth,1
assistant,1
increasing,1
continuous,1
flipsnack,1
hitting,1
libido,1
male,1
involving,1
stunning,1
amped,1
explode,1
lewd,1
controlled,1
transmit,1
hyperlink,1
iframe,1
minus,1
meant,1
dropdown,1
majority,1
selecting,1
rendered,1
clever,1
integral,1
uploaded,1
renders,1
upload,1
resembles,1
lifting,1
heavy,1
relevant,1
ink,1
movable,1
popping,1
screens,1
shock,1
door,1
soon,1
tested,1
happened,1
happen,1
division,1
agari,1
insidious,1
demonstrate,1
becoming,1
embarrassing,1
frauds,1
blackmailing,1
withdrawal,1
hungrygrizzly,1
photo,1
mine,1
unsubscribe,1
auto,1
exfiltrate,1
decisions,1
brain,1
decrease,1
frightened,1
balance,1
explicit,1
dynamite,1
reckless,1
moving,1
bureau,1
dive,1
dmarc,1
efficacy,1
losing,1
obscure,1
aka,1
lately,1
snowballing,1
hide,1
embrace,1
blemish,1
legacy,1
referenced,1
feeds,1
represented,1
dkim,1
realizing,1
mails,1
strikes,1
pattern,1
evading,1
sequence,1
flourish,1
unnecessary,1
perhaps,1
elegant,1
captured,1
brings,1
invited,1
mil,1
ish,1
puzzles,1
photos,1
grid,1
searched,1
parameters,1
reveal,1
requests,1
sub,1
housing,1
protecting,1
jar,1
davidemoscato,1
hxxps,1
growing,1
sucker,1
income,1
annual,1
disclosing,1
lured,1
winning,1
survey,1
litany,1
endless,1
employing,1
detecting,1
prevents,1
ecommerce,1
distorted,1
typing,1
object,1
ended,1
scammed,1
simplify,1
acquired,1
bill,1
dangled,1
dot,1
undergound,1
ensures,1
assuring,1
monetization,1
maximize,1
facilitate,1
supplying,1
resell,1
conducting,1
logs,1
location,1
pasted,1
workflow,1
encrypting,1
exfiltrating,1
describe,1
subscribe,1
orders,1
discount,1
welcome,1
costs,1
subscriptions,1
subscription,1
flourishing,1
uncover,1
mimicking,1
dangling,1
projects,1
benefitting,1
copied,1
twist,1
copy,1
closed,1
questions,1
reynolds,1
mike,1
fictitious,1
malaysians,1
cater,1
casino,1
reassuring,1
bidprocure,1
fooling,1
ballpark,1
somewhere,1
reading,1
suffix,1
signal,1
whois,1
net,1
blue,1
project,1
submit,1
strategy,1
roger,1
congress,1
reuse,1
escape,1
matter,1
variations,1
mexican,1
mirrors,1
flag,1
serving,1
appspot,1
directs,1
resource,1
headers,1
malformed,1
clues,1
typosquatting,1
popularly,1
referral,1
amiss,1
colleague,1
telltale,1
craftiness,1
overall,1
blog,1
heimdal,1
tudor,1
dora,1
revealing,1
capability,1
books,1
bonuses,1
reports,1
staff,1
grill,1
bigger,1
queso,1
sour,1
students,1
tied,1
stretch,1
surprising,1
secrets,1
prime,1
foothold,1
spray,1
force,1
brute,1
center,1
solarwinds,1
credited,1
investigate,1
agency,1
usaid,1
constant,1
eerily,1
remaining,1
usaa,1
vishing,1
responded,1
commandeer,1
vendor,1
served,1
restaurant,1
cream,1
authentic,1
alerts,1
indicators,1
agree,1
threatened,1
blueprints,1
product,1
supplier,1
defunct,1
korean,1
electric,1
hyundai,1
fomotech,1
star,1
fon,1
originated,1
urdu,1
proven,1
tweeted,1
governments,1
western,1
pakistani,1
gorgon,1
revengerat,1
emirates,1
arab,1
entities,1
rory,1
consistent,1
signaling,1
believed,1
infostealer,1
spill,1
beans,1
spring,1
foodhub,1
tweet,1
sneakier,1
crafty,1
shares,1
dangles,1
aforementioned,1
handiwork,1
backup,1
sdclt,1
exclude,1
uac,1
keylogging,1
stealer,1
maria,1
ave,1
reuses,1
cracked,1
afghanistan,1
admin,1
wp,1
af,1
dlsc,1
infinite,1
india,1
hotel,1
mshta,1
ppam,1
os,1
